{"group1": {"training_accuracy": [0.965], "validation_accuracy": [], "test_accuracy": 0.869, "conf_matrix": [[95, 0, 1, 0, 0, 0, 0, 0, 0, 0], [0, 78, 6, 0, 0, 1, 8, 1, 0, 0], [0, 4, 81, 3, 1, 2, 2, 5, 1, 3], [1, 3, 3, 93, 0, 4, 3, 0, 1, 7], [0, 4, 2, 1, 93, 0, 0, 0, 0, 0], [1, 1, 1, 0, 4, 85, 0, 2, 1, 0], [0, 7, 6, 0, 1, 0, 78, 1, 1, 0], [0, 3, 0, 1, 0, 4, 6, 89, 0, 7], [2, 0, 0, 0, 1, 2, 0, 0, 95, 1], [1, 0, 0, 2, 0, 2, 3, 2, 1, 82]]}}
{"group1": {"training_accuracy": [0.9626], "validation_accuracy": [], "test_accuracy": 0.828, "conf_matrix": [[93, 0, 2, 3, 0, 0, 1, 1, 3, 2], [0, 72, 3, 0, 0, 1, 10, 4, 0, 0], [1, 7, 78, 4, 2, 2, 2, 7, 2, 4], [1, 6, 3, 89, 2, 3, 2, 0, 0, 3], [0, 0, 2, 0, 87, 1, 0, 0, 1, 0], [1, 2, 4, 0, 5, 88, 0, 1, 0, 0], [0, 7, 2, 1, 0, 0, 79, 2, 1, 0], [0, 5, 3, 0, 2, 2, 3, 74, 2, 6], [3, 0, 0, 0, 1, 1, 0, 1, 85, 2], [1, 1, 3, 3, 1, 2, 3, 10, 6, 83]]}}
{"group2": {"training_accuracy": [0.9247142857142857], "validation_accuracy": [], "test_accuracy": 0.744, "conf_matrix": [[91, 0, 0, 2, 1, 1, 1, 0, 1, 1, 1, 0, 2, 2, 0, 2, 0, 1, 2, 1], [0, 69, 0, 0, 0, 0, 5, 2, 0, 0, 0, 0, 1, 3, 1, 2, 4, 1, 0, 2], [0, 5, 62, 0, 1, 0, 2, 4, 0, 2, 2, 0, 1, 1, 1, 1, 2, 5, 9, 2], [0, 5, 1, 88, 2, 2, 0, 0, 0, 2, 1, 1, 1, 2, 2, 0, 6, 3, 3, 0], [0, 0, 2, 0, 83, 0, 0, 0, 0, 0, 3, 1, 0, 8, 0, 0, 1, 1, 0, 1], [0, 0, 1, 0, 6, 82, 0, 0, 1, 0, 0, 0, 3, 1, 0, 1, 3, 2, 2, 3], [0, 4, 1, 0, 0, 0, 75, 3, 0, 0, 0, 2, 0, 1, 0, 1, 0, 1, 3, 0], [0, 5, 2, 0, 2, 1, 2, 61, 1, 3, 0, 0, 0, 1, 1, 3, 2, 3, 2, 5], [1, 0, 0, 0, 0, 0, 0, 1, 77, 0, 0, 5, 1, 0, 0, 0, 1, 0, 1, 3], [0, 0, 0, 1, 0, 0, 1, 3, 1, 51, 0, 1, 0, 0, 1, 8, 0, 0, 1, 4], [1, 1, 0, 0, 0, 0, 0, 0, 0, 0, 83, 0, 1, 7, 0, 0, 0, 0, 3, 0], [1, 0, 0, 0, 0, 0, 0, 1, 1, 0, 0, 88, 0, 1, 0, 1, 0, 0, 0, 1], [1, 0, 3, 0, 2, 2, 0, 0, 7, 1, 0, 1, 80, 0, 0, 1, 3, 0, 3, 2], [0, 2, 1, 1, 0, 3, 3, 1, 0, 0, 4, 0, 0, 66, 1, 0, 2, 1, 1, 1], [0, 0, 0, 0, 0, 0, 0, 0, 0, 1, 1, 0, 0, 2, 89, 0, 0, 1, 0, 1], [0, 0, 1, 0, 0, 2, 1, 11, 2, 25, 0, 0, 1, 0, 1, 68, 1, 1, 3, 0], [0, 7, 4, 3, 0, 1, 1, 8, 0, 1, 1, 0, 1, 0, 0, 1, 73, 2, 1, 3], [1, 0, 11, 3, 1, 2, 6, 1, 1, 5, 1, 0, 2, 3, 2, 2, 1, 75, 1, 1], [4, 2, 10, 1, 2, 3, 2, 3, 7, 5, 3, 1, 6, 2, 0, 7, 1, 1, 63, 6], [0, 0, 1, 1, 0, 1, 1, 1, 1, 3, 0, 0, 0, 0, 1, 2, 0, 2, 2, 64]]}}
{"group3": {"training_accuracy": [0.9014285714285715], "validation_accuracy": [], "test_accuracy": 0.657, "conf_matrix": [[83, 0, 0, 1, 0, 0, 0, 0, 2, 1, 0, 0, 3, 1, 0, 2, 0, 2, 0, 1, 3, 0, 0, 1, 0, 1, 0, 0, 0, 0], [0, 66, 1, 0, 0, 0, 9, 6, 0, 0, 0, 0, 1, 3, 1, 0, 6, 2, 3, 4, 2, 3, 1, 1, 0, 1, 0, 1, 3, 0], [1, 3, 57, 0, 0, 0, 2, 1, 0, 1, 3, 1, 3, 1, 1, 0, 1, 5, 10, 1, 1, 9, 1, 0, 3, 5, 0, 2, 4, 0], [1, 4, 1, 86, 1, 4, 1, 0, 0, 2, 1, 0, 0, 2, 3, 0, 7, 5, 0, 0, 3, 5, 4, 0, 0, 1, 0, 5, 1, 2], [0, 0, 2, 0, 69, 0, 0, 0, 0, 0, 2, 1, 0, 6, 0, 0, 1, 0, 0, 0, 0, 0, 2, 9, 0, 0, 7, 0, 0, 0], [0, 0, 0, 0, 2, 63, 0, 0, 0, 0, 0, 0, 3, 0, 0, 0, 0, 1, 1, 1, 0, 13, 0, 0, 24, 0, 7, 0, 0, 0], [0, 2, 0, 0, 0, 0, 67, 1, 0, 0, 0, 1, 0, 1, 1, 0, 0, 0, 3, 2, 0, 0, 0, 0, 0, 1, 0, 0, 4, 0], [0, 3, 0, 0, 2, 0, 0, 49, 1, 0, 0, 0, 1, 0, 1, 4, 4, 0, 1, 4, 0, 0, 0, 0, 0, 1, 0, 0, 2, 0], [0, 0, 0, 0, 0, 0, 0, 2, 78, 0, 0, 3, 4, 0, 0, 0, 0, 0, 1, 4, 0, 0, 1, 0, 0, 0, 1, 0, 0, 0], [0, 0, 0, 0, 0, 0, 0, 1, 0, 36, 0, 1, 0, 0, 2, 6, 0, 0, 0, 2, 0, 0, 1, 0, 0, 0, 0, 0, 0, 14], [1, 0, 0, 0, 0, 0, 0, 0, 0, 0, 75, 0, 0, 2, 0, 0, 1, 0, 2, 0, 1, 1, 0, 0, 1, 0, 1, 1, 0, 0], [1, 0, 0, 0, 0, 0, 0, 1, 0, 0, 0, 80, 0, 0, 0, 1, 0, 0, 0, 0, 0, 0, 0, 0, 0, 8, 0, 0, 0, 0], [1, 0, 2, 0, 1, 0, 0, 0, 6, 0, 0, 1, 63, 1, 0, 0, 1, 0, 2, 1, 1, 1, 0, 0, 0, 0, 0, 2, 3, 0], [0, 0, 0, 1, 0, 2, 1, 0, 0, 0, 2, 0, 1, 56, 0, 0, 2, 0, 0, 1, 1, 1, 0, 2, 0, 0, 0, 2, 0, 0], [0, 0, 0, 0, 0, 0, 1, 1, 0, 0, 0, 0, 0, 1, 78, 0, 0, 0, 0, 1, 0, 1, 3, 0, 0, 0, 0, 1, 0, 2], [0, 0, 0, 0, 0, 0, 1, 6, 1, 7, 0, 0, 0, 0, 0, 40, 0, 0, 0, 0, 0, 1, 0, 0, 0, 0, 0, 0, 1, 9], [0, 3, 3, 2, 0, 1, 1, 5, 0, 1, 1, 0, 0, 1, 0, 0, 62, 5, 1, 2, 0, 8, 0, 2, 1, 0, 0, 0, 0, 2], [2, 0, 4, 4, 1, 2, 1, 0, 0, 1, 1, 0, 1, 1, 2, 0, 3, 63, 2, 0, 2, 2, 2, 6, 2, 0, 2, 0, 4, 0], [3, 0, 7, 0, 0, 1, 0, 3, 5, 1, 2, 2, 4, 1, 0, 4, 0, 1, 50, 5, 4, 2, 0, 1, 0, 7, 0, 1, 3, 0], [0, 1, 0, 1, 0, 1, 1, 1, 0, 3, 0, 0, 0, 0, 0, 1, 0, 0, 1, 51, 1, 0, 1, 0, 0, 0, 0, 0, 0, 0], [5, 0, 0, 1, 0, 0, 0, 0, 0, 0, 0, 0, 1, 0, 0, 0, 0, 0, 3, 1, 75, 0, 2, 0, 0, 0, 0, 0, 0, 0], [1, 3, 6, 1, 1, 14, 0, 1, 1, 1, 1, 2, 10, 1, 0, 0, 5, 2, 6, 4, 0, 45, 0, 0, 3, 0, 0, 0, 0, 1], [0, 0, 0, 0, 1, 0, 0, 2, 1, 2, 0, 0, 0, 2, 8, 1, 0, 0, 0, 2, 0, 0, 73, 0, 0, 0, 0, 0, 1, 0], [0, 0, 2, 0, 8, 0, 0, 0, 0, 0, 0, 0, 0, 6, 0, 0, 0, 2, 0, 0, 1, 1, 0, 77, 0, 0, 1, 1, 1, 0], [0, 0, 2, 0, 3, 8, 0, 0, 0, 0, 1, 0, 0, 0, 0, 0, 0, 2, 0, 3, 0, 4, 0, 0, 61, 0, 2, 0, 0, 0], [0, 0, 5, 0, 0, 1, 1, 4, 4, 2, 4, 6, 0, 5, 1, 4, 1, 1, 5, 1, 3, 1, 2, 0, 1, 73, 0, 2, 2, 1], [0, 0, 0, 0, 10, 0, 0, 0, 0, 0, 1, 0, 0, 1, 1, 0, 0, 0, 1, 1, 0, 0, 0, 0, 2, 0, 78, 0, 0, 0], [0, 0, 1, 0, 0, 0, 0, 0, 0, 0, 5, 0, 0, 7, 0, 0, 0, 0, 1, 0, 1, 0, 0, 0, 0, 0, 0, 80, 0, 0], [1, 15, 6, 0, 0, 1, 11, 9, 0, 1, 0, 2, 4, 1, 1, 2, 4, 9, 4, 1, 0, 0, 1, 1, 2, 2, 0, 2, 69, 1], [0, 0, 1, 3, 1, 2, 3, 7, 1, 41, 1, 0, 1, 0, 0, 35, 2, 0, 3, 7, 1, 2, 6, 0, 0, 0, 1, 0, 2, 68]]}}
{"group1": {"training_accuracy": [0.9162], "validation_accuracy": [], "test_accuracy": 0.852, "conf_matrix": [[94, 1, 1, 3, 0, 1, 1, 0, 3, 0], [0, 79, 4, 0, 0, 0, 5, 0, 0, 0], [0, 4, 77, 2, 1, 2, 2, 2, 0, 1], [2, 3, 3, 92, 2, 3, 1, 1, 1, 4], [2, 2, 5, 0, 91, 6, 0, 0, 1, 0], [2, 3, 1, 0, 2, 79, 0, 1, 0, 0], [0, 4, 2, 0, 0, 0, 83, 2, 0, 2], [0, 3, 3, 2, 3, 4, 6, 89, 2, 12], [0, 0, 0, 0, 1, 1, 0, 2, 90, 3], [0, 1, 4, 1, 0, 4, 2, 3, 3, 78]]}}
{"group1": {"training_accuracy": [0.9158], "validation_accuracy": [], "test_accuracy": 0.807, "conf_matrix": [[94, 0, 5, 2, 0, 3, 0, 0, 1, 4], [0, 72, 8, 0, 2, 0, 11, 3, 0, 0], [1, 5, 67, 2, 2, 1, 0, 9, 3, 2], [3, 6, 5, 90, 1, 3, 4, 2, 0, 4], [1, 2, 6, 1, 87, 1, 0, 2, 0, 0], [1, 2, 1, 0, 3, 83, 0, 3, 1, 0], [0, 9, 3, 1, 0, 1, 77, 1, 0, 1], [0, 3, 4, 1, 2, 5, 6, 71, 2, 13], [0, 1, 1, 1, 2, 0, 0, 3, 92, 2], [0, 0, 0, 2, 1, 3, 2, 6, 1, 74]]}}
