{"group1": {"training_accuracy": [0.9386], "validation_accuracy": [], "test_accuracy": 0.818, "conf_matrix": [[95, 0, 5, 1, 0, 2, 0, 0, 2, 2], [0, 76, 5, 2, 0, 2, 8, 6, 0, 0], [0, 0, 64, 2, 1, 1, 3, 6, 0, 4], [2, 4, 3, 92, 1, 3, 1, 1, 0, 5], [0, 0, 9, 0, 92, 4, 0, 1, 1, 0], [1, 5, 3, 0, 3, 84, 0, 1, 0, 0], [0, 10, 7, 0, 0, 1, 76, 2, 0, 1], [0, 5, 2, 0, 1, 2, 6, 67, 3, 6], [1, 0, 0, 1, 2, 0, 0, 3, 91, 1], [1, 0, 2, 2, 0, 1, 6, 13, 3, 81]]}}
{"group2": {"training_accuracy": [0.924], "validation_accuracy": [], "test_accuracy": 0.7255, "conf_matrix": [[86, 0, 1, 2, 0, 1, 0, 0, 1, 0, 0, 0, 1, 0, 0, 0, 0, 1, 0, 2], [0, 67, 4, 1, 0, 1, 6, 3, 0, 0, 0, 2, 4, 4, 0, 0, 4, 2, 4, 6], [0, 3, 54, 1, 1, 2, 2, 5, 2, 1, 7, 0, 0, 2, 0, 1, 0, 4, 5, 0], [1, 1, 1, 81, 1, 2, 1, 0, 0, 3, 0, 1, 0, 0, 3, 3, 4, 6, 1, 3], [0, 1, 2, 1, 88, 6, 0, 1, 0, 0, 3, 1, 0, 9, 0, 0, 1, 2, 0, 0], [0, 2, 2, 0, 1, 75, 0, 1, 0, 0, 1, 0, 5, 1, 0, 0, 0, 2, 1, 2], [1, 7, 4, 0, 0, 0, 73, 5, 0, 0, 1, 1, 0, 4, 1, 1, 5, 4, 5, 1], [0, 3, 2, 0, 1, 1, 1, 61, 2, 4, 0, 0, 3, 0, 5, 3, 1, 2, 3, 5], [1, 0, 0, 0, 0, 0, 0, 0, 78, 0, 0, 3, 5, 1, 0, 2, 0, 0, 0, 2], [0, 1, 1, 2, 0, 0, 2, 6, 1, 59, 0, 0, 0, 0, 0, 14, 0, 2, 0, 2], [0, 0, 0, 0, 0, 0, 0, 0, 0, 0, 77, 0, 0, 2, 0, 0, 0, 1, 0, 1], [1, 0, 0, 1, 0, 0, 0, 0, 1, 0, 1, 90, 0, 2, 0, 2, 0, 0, 0, 0], [1, 1, 1, 0, 4, 1, 2, 2, 5, 0, 0, 1, 79, 1, 0, 1, 1, 0, 5, 3], [0, 0, 1, 0, 0, 1, 0, 0, 1, 0, 6, 0, 0, 64, 0, 0, 1, 1, 2, 0], [0, 0, 0, 0, 0, 0, 1, 0, 0, 0, 1, 0, 0, 2, 86, 0, 0, 0, 0, 1], [1, 0, 1, 0, 0, 3, 1, 11, 2, 27, 0, 0, 2, 0, 1, 63, 3, 0, 3, 4], [0, 4, 7, 7, 0, 3, 0, 4, 0, 0, 0, 0, 0, 1, 1, 2, 74, 3, 1, 1], [2, 3, 7, 1, 0, 2, 6, 0, 2, 3, 1, 0, 0, 4, 1, 0, 4, 66, 3, 0], [6, 5, 12, 0, 3, 2, 4, 0, 5, 3, 2, 1, 0, 2, 0, 8, 2, 3, 67, 4], [0, 2, 0, 3, 1, 0, 1, 1, 0, 0, 0, 0, 1, 1, 2, 0, 0, 1, 0, 63]]}}
{"group3": {"training_accuracy": [0.9272857142857143], "validation_accuracy": [], "test_accuracy": 0.6383333333333333, "conf_matrix": [[74, 0, 1, 2, 0, 0, 0, 0, 1, 0, 0, 0, 3, 1, 0, 0, 0, 1, 0, 1, 4, 0, 1, 0, 0, 1, 0, 0, 0, 0], [0, 60, 4, 0, 0, 0, 5, 6, 0, 0, 1, 1, 2, 4, 1, 0, 8, 4, 2, 5, 1, 1, 1, 2, 0, 1, 0, 0, 4, 0], [0, 4, 53, 3, 1, 2, 2, 2, 1, 1, 8, 0, 1, 1, 1, 0, 0, 7, 8, 1, 0, 13, 0, 0, 2, 3, 0, 0, 3, 0], [1, 2, 0, 78, 1, 2, 1, 0, 0, 1, 0, 0, 0, 1, 2, 1, 6, 6, 0, 3, 3, 2, 2, 0, 1, 2, 0, 1, 0, 3], [0, 0, 2, 0, 71, 2, 0, 0, 0, 0, 2, 0, 0, 4, 0, 0, 0, 1, 0, 0, 0, 2, 0, 5, 2, 0, 9, 1, 0, 0], [0, 0, 0, 0, 1, 64, 0, 0, 0, 0, 0, 0, 6, 1, 0, 0, 0, 2, 0, 1, 0, 10, 0, 0, 24, 0, 4, 0, 0, 0], [0, 6, 2, 0, 0, 0, 65, 2, 0, 0, 0, 2, 1, 1, 2, 0, 0, 2, 3, 1, 0, 1, 1, 0, 0, 4, 0, 1, 5, 0], [0, 1, 0, 0, 0, 0, 0, 58, 2, 5, 0, 0, 0, 0, 4, 9, 2, 0, 3, 5, 0, 0, 1, 1, 0, 0, 0, 1, 4, 1], [0, 0, 0, 0, 0, 0, 0, 2, 75, 1, 0, 2, 2, 0, 0, 0, 1, 1, 2, 8, 0, 0, 3, 0, 0, 1, 0, 2, 0, 0], [0, 0, 0, 1, 0, 0, 1, 11, 0, 38, 0, 0, 0, 0, 1, 15, 0, 0, 0, 1, 0, 0, 2, 0, 0, 0, 0, 0, 1, 20], [0, 0, 2, 0, 1, 0, 0, 0, 0, 0, 66, 0, 1, 2, 0, 0, 0, 2, 0, 1, 0, 0, 0, 0, 0, 0, 0, 5, 0, 0], [4, 0, 0, 1, 0, 0, 0, 0, 2, 0, 0, 89, 0, 1, 0, 0, 0, 0, 0, 1, 1, 0, 2, 0, 0, 7, 0, 0, 0, 0], [0, 0, 2, 0, 4, 2, 0, 1, 6, 0, 0, 0, 66, 1, 0, 2, 1, 0, 4, 2, 3, 3, 0, 0, 0, 1, 0, 2, 4, 1], [1, 0, 0, 0, 0, 0, 1, 0, 0, 0, 3, 0, 0, 53, 0, 0, 1, 0, 2, 0, 0, 0, 0, 1, 0, 0, 1, 2, 0, 0], [0, 1, 0, 0, 1, 0, 1, 0, 0, 1, 1, 0, 0, 2, 74, 1, 0, 0, 0, 1, 0, 0, 1, 0, 1, 0, 0, 1, 0, 2], [0, 0, 0, 0, 0, 0, 1, 5, 1, 10, 0, 0, 0, 0, 0, 39, 0, 0, 0, 0, 0, 0, 0, 0, 0, 0, 0, 1, 1, 7], [1, 7, 4, 3, 0, 0, 1, 3, 0, 0, 1, 0, 0, 1, 0, 0, 56, 2, 1, 1, 1, 8, 1, 1, 0, 1, 0, 3, 0, 2], [1, 1, 2, 1, 0, 0, 0, 0, 0, 1, 0, 0, 0, 2, 1, 0, 2, 48, 1, 1, 1, 0, 2, 2, 0, 1, 0, 0, 3, 0], [8, 0, 6, 2, 0, 1, 5, 0, 6, 2, 2, 2, 1, 3, 0, 6, 1, 4, 53, 9, 7, 7, 1, 0, 1, 7, 0, 3, 2, 1], [0, 1, 0, 2, 0, 2, 1, 0, 0, 0, 0, 0, 0, 0, 1, 3, 0, 0, 0, 46, 0, 0, 4, 0, 0, 0, 0, 0, 0, 1], [6, 0, 1, 1, 0, 1, 0, 0, 1, 0, 0, 0, 0, 0, 0, 1, 0, 1, 4, 1, 73, 1, 0, 0, 0, 0, 0, 0, 0, 0], [0, 2, 6, 1, 3, 16, 0, 0, 1, 0, 0, 1, 10, 0, 0, 2, 11, 2, 6, 2, 1, 46, 0, 0, 3, 0, 0, 1, 1, 1], [0, 0, 0, 1, 1, 0, 0, 0, 1, 1, 0, 0, 0, 0, 7, 0, 0, 2, 0, 2, 0, 1, 72, 0, 0, 0, 0, 0, 0, 0], [0, 1, 1, 0, 10, 1, 0, 0, 0, 0, 1, 1, 0, 7, 1, 0, 0, 3, 0, 0, 0, 0, 4, 87, 0, 0, 1, 1, 1, 1], [1, 1, 2, 0, 3, 4, 1, 0, 0, 0, 0, 0, 1, 0, 0, 0, 0, 2, 1, 2, 0, 1, 0, 0, 64, 0, 1, 0, 0, 0], [0, 2, 5, 1, 0, 1, 1, 3, 1, 0, 2, 1, 2, 6, 0, 3, 0, 0, 2, 0, 1, 1, 0, 0, 0, 66, 0, 3, 2, 0], [0, 0, 0, 0, 3, 0, 0, 0, 0, 0, 4, 0, 0, 1, 1, 0, 0, 1, 1, 0, 0, 0, 1, 0, 1, 0, 82, 0, 0, 0], [0, 0, 1, 1, 0, 0, 0, 0, 0, 0, 7, 0, 1, 7, 0, 0, 1, 0, 0, 0, 1, 0, 0, 0, 0, 0, 0, 72, 1, 0], [0, 11, 4, 0, 0, 2, 12, 6, 0, 0, 1, 1, 2, 1, 0, 0, 9, 9, 3, 1, 0, 2, 0, 1, 1, 5, 0, 0, 67, 0], [3, 0, 2, 2, 0, 0, 2, 1, 2, 39, 1, 0, 1, 0, 4, 18, 1, 0, 4, 4, 3, 1, 1, 0, 0, 0, 2, 0, 1, 60]]}}
{"group4": {"training_accuracy": [0.9303724928366762], "validation_accuracy": [], "test_accuracy": 0.5635,